﻿Designator,Footprint,Quantity,Value,LCSC Part #
"_5, _4, _3, _2, ",,5,,
"C1, C2",1206,2,22u,
"C10, C11, C16, C17, C18, C21",0402,6,0u1,
"C12, C20, C22, C24, C8",0402,5,10u,
C13,0402,1,10n,
"C14, C15, C19, C9",0402,4,1u,
"C23, C25",0402,2,12p,
"C26, C27",0402,2,20p,
"C28, C29",0402,2,1p2,
"C3, C4",0603,2,1u,
C5,0805,1,10u,
C6,0805,1,10n,
C7,1210,1,47u,
"D1, D2, D8",0805,3,GREEN,
D10,0603,1,RED,
"D3, D6, D7",D_SMA,3,D_Schottky,
"D5, D9",0603,2,WHITE,
"J3, J4",USB_C_Receptacle_HRO_TYPE-C-31-M-12,2,USB_C_Receptacle_USB2.0_14P,
J6,U.FL_Hirose_U.FL-R-SMT-1_Vertical,1,Conn_Coaxial,
L1,L_SXN_SMDRI127,1,100u,
"L2, L4",0402,2,2n7,
L3,0402,1,24n,
Q3,SOT-363_SC-70-6,1,MMDT5551,
"R1, R12, R13, R14, R19, R20, R21, R22, R23, R24, R26, R27, R28, R4",0603,14,5k1,
R10,0603,1,470,
R15,0603,1,47k,
R16,0603,1,22k,
R18,0603,1,1k,
R2,0603,1,4k7,
"R25, R29, R30, R31",0603,4,750,
"R3, R5, R7, R9",0603,4,10k,
"R6, R8",0603,2,0,
U1,QFN-56-1EP_7x7mm_P0.4mm_EP5.6x5.6mm,1,ESP32-S3FH4R2,
U2,SOT-223-3_TabPin2,1,AMS1117-3.3,
U3,SOT-23-3,1,XC6206P332MR-G,
U4,TI_SO-PowerPAD-8_ThermalVias,1,TPS5430DDA,
U5,QFN-24-1EP_4x4mm_P0.5mm_EP2.6x2.6mm,1,CP2102N-A02-GQFN24,
"U6, U7",SOT-23-6,2,USBLC6-2SC6,
U8,SOIC-16_3.9x9.9mm_P1.27mm,1,ULN2003A,
Y1,Crystal_SMD_2016-4Pin_2.0x1.6mm,1,48M,
Y2,Crystal_SMD_3215-2Pin_3.2x1.5mm,1,32k768,
